<?xml version="1.0" encoding="UTF-8"?>
<beans xmlns="http://www.springframework.org/schema/beans"
		xmlns:xsi="http://www.w3.org/2001/XMLSchema-instance"
		xsi:schemaLocation="http://www.springframework.org/schema/beans
			http://www.springframework.org/schema/beans/spring-beans.xsd">

	<bean id="mailSender" class="org.springframework.mail.javamail.JavaMailSenderImpl">
		<property name="host" value="smtp.gmail.com" />
		<property name="port" value="587" />
		<property name="username" value="***@gmail.com" />
		<property name="password" value="***" />
		<property name="javaMailProperties">
			<props>
				<prop key="mail.transport.protocol">smtp</prop>
				<prop key="mail.smtp.auth">true</prop>
				<prop key="mail.smtp.starttls.enable">true</prop>
				<prop key="mail.smtp.socketFactory.class">javax.net.ssl.SSLSocketFactory</prop>
				<prop key="mail.debug">true</prop>
			</props>
		</property>
	</bean>

	<!-- You can have some pre-configured messagess also which are ready to send -->
	<bean id="preConfiguredMessage" class="org.springframework.mail.SimpleMailMessage">
		<property name="to" value="***@naver.com"></property>
		<property name="from" value="***@gmail.com"></property>
		<property name="subject" value="Test_Mail" />
	</bean>
</beans>