<?xml version="1.0" encoding="UTF-8"?>
<!DOCTYPE mapper
  PUBLIC "-//mybatis.org//DTD Mapper 3.0//EN"
  "http://mybatis.org/dtd/mybatis-3-mapper.dtd">
  
<mapper namespace="com.baemin.dao.StoreMapper">

	<select id="storeList" resultType="com.baemin.dto.StoreDto">
		SELECT * FROM BM_STORE WHERE CATEGORY = #{category} AND STORE_ADDRESS1 LIKE #{address}||'%'
	</select>
	
	<select id="storeDetail" resultType="com.baemin.dto.StoreDto">
		SELECT * FROM BM_STORE WHERE ID = #{storeId}
	</select>
	
	<select id="foodList" resultType="com.baemin.dto.FoodDto">
		SELECT * FROM BM_FOOD WHERE STORE_ID = #{storeId}
	</select>
	
	<select id="foodOption" resultType="com.baemin.dto.FoodOptionDto">
		SELECT * FROM BM_FOOD_OPTION WHERE FOOD_ID = #{foodId}
	</select>
	
</mapper>